{
    "avg_prec": 0.5609523014009855,
    "roc_auc": 0.9372630342459565
}