{
    "avg_prec": 0.21773510319729472,
    "roc_auc": 0.8138940092165898
}